insert into USERS VALUES (default, 'Gabriele', 'Cesa', 'prova', 'gabriele.cesa@gmail.com', 'a');

insert into USERS VALUES (default, 'Gianmaria', 'Sissa', 'prova', 'gabriele.cesa@studenti.unitn.it', 'u');

insert into USERS VALUES (default, 'Piermaria', 'Arvani', 'prova', 'piermaria.arvani@studenti.unitn.it', 'r');

insert into USERS VALUES (default, 'Ambrogio', 'Fusella', 'prova', 'pier.mn@hotmail.it', 'u');

insert into USERS VALUES (default, 'Davide', 'Belli', 'prova', 'davide.belli@studenti.unitn.it', 'r');

insert into USERS VALUES (default, 'Francesco', 'Bergoglio', 'prova', 'davide95belli@libero.it', 'u');

insert into USERS VALUES (default, 'Sara', 'Callaioli', 'prova', 'sara.callaioli@studenti.unitn.it', 'u');

insert into USERS VALUES (default, 'Caterina', 'Pomari', 'prova', 'calla95@hotmail.it', 'u');

insert into USERS VALUES (default, 'Luca', 'Ballarini', 'prova', 'gabriele.cesa@hotmail.it', 'u');

insert into USERS VALUES (default, 'John', 'Cesa', 'prova', 'davidebelli95@gmail.com', 'u');

insert into USERS VALUES (default, 'Roberto', 'Cesa', 'prova', 'roberto.cesa@hotmail.it', 'u');

INSERT INTO APP.CUISINES VALUES (default, 'cinese');
INSERT INTO APP.CUISINES VALUES (default, 'italiano');
INSERT INTO APP.CUISINES VALUES (default, 'giapponese');
INSERT INTO APP.CUISINES VALUES (default, 'francese');
INSERT INTO APP.CUISINES VALUES (default, 'pizza');
INSERT INTO APP.CUISINES VALUES (default, 'messicano');
INSERT INTO APP.CUISINES VALUES (default, 'indiano');
INSERT INTO APP.CUISINES VALUES (default, 'africano');
INSERT INTO APP.CUISINES VALUES (default, 'americano');
INSERT INTO APP.CUISINES VALUES (default, 'steak house');
INSERT INTO APP.CUISINES VALUES (default, 'pesce');
INSERT INTO APP.CUISINES VALUES (default, 'vegetariana');
INSERT INTO APP.CUISINES VALUES (default, 'irlandese');
INSERT INTO APP.CUISINES VALUES (default, 'birreria');
INSERT INTO APP.CUISINES VALUES (default, 'pub');
INSERT INTO APP.CUISINES VALUES (default, 'molecolare');
INSERT INTO APP.CUISINES VALUES (default, 'europea');
INSERT INTO APP.CUISINES VALUES (default, 'mediterranea');
INSERT INTO APP.CUISINES VALUES (default, 'greca');
INSERT INTO APP.CUISINES VALUES (default, 'asiatica');
INSERT INTO APP.CUISINES VALUES (default, 'marocchina');
INSERT INTO APP.CUISINES VALUES (default, 'tailandese');


insert into STATES VALUES('Italia');
insert into STATES VALUES('Francia');
insert into STATES VALUES('Regno Unito');
insert into STATES VALUES('Stati Uniti');
insert into STATES VALUES('Spagna');
insert into STATES VALUES('Russia');
insert into STATES VALUES('Germania');
insert into STATES VALUES('Cina');
insert into STATES VALUES('Giappone');
insert into STATES VALUES('Emirati Arabi Uniti');
insert into STATES VALUES('Marocco');

insert into REGIONS VALUES('Italia', 'Lombardia');
insert into REGIONS VALUES('Italia', 'Trentino Alto-Adige');
insert into REGIONS VALUES('Italia', 'Veneto');
insert into REGIONS VALUES('Italia', 'Friuli Venezia-Giulia');
insert into REGIONS VALUES('Italia', 'Piemonte');
insert into REGIONS VALUES('Italia', 'Lazio');
insert into REGIONS VALUES('Italia', 'Sicilia');
insert into REGIONS VALUES('Italia', 'Basilicata');
insert into REGIONS VALUES('Italia', 'Puglia');
insert into REGIONS VALUES('Italia', 'Molise');
insert into REGIONS VALUES('Regno Unito', 'Inghilterra');
insert into REGIONS VALUES('Regno Unito', 'Galles');
insert into REGIONS VALUES('Regno Unito', 'Scozia');
insert into REGIONS VALUES('Regno Unito', 'Irlanda del Nord');
insert into REGIONS VALUES('Francia', 'Ile de France');
insert into REGIONS VALUES('Francia', 'Bordeaux');
insert into REGIONS VALUES('Stati Uniti', 'Michigan');
insert into REGIONS VALUES('Stati Uniti', 'Washington');
insert into REGIONS VALUES('Stati Uniti', 'New York');
insert into REGIONS VALUES('Stati Uniti', 'Texas');
insert into REGIONS VALUES('Emirati Arabi Uniti', 'Dubai');
insert into REGIONS VALUES('Emirati Arabi Uniti', 'Ajman');
insert into REGIONS VALUES('Emirati Arabi Uniti', 'Abu Dhabi');
insert into REGIONS VALUES('Emirati Arabi Uniti', 'Fujairah');
insert into REGIONS VALUES('Marocco', 'Regione Marrakech-Tensift-El Haouz');
insert into REGIONS VALUES('Giappone', 'Kanto');

insert into CITIES VALUES('Italia', 'Lombardia', 'Mantova');
insert into CITIES VALUES('Italia', 'Lombardia', 'Milano');
insert into CITIES VALUES('Italia', 'Trentino Alto-Adige', 'Trento');
insert into CITIES VALUES('Italia', 'Trentino Alto-Adige', 'Bolzano');
insert into CITIES VALUES('Italia', 'Veneto', 'Verona');
insert into CITIES VALUES('Italia', 'Veneto', 'Venezia');
insert into CITIES VALUES('Italia', 'Veneto', 'Padova');
insert into CITIES VALUES('Italia', 'Lazio', 'Roma');
insert into CITIES VALUES('Italia', 'Piemonte', 'Torino');
insert into CITIES VALUES('Italia', 'Friuli Venezia-Giulia', 'Pordenone');
insert into CITIES VALUES('Italia', 'Friuli Venezia-Giulia', 'Trieste');

insert into CITIES VALUES('Emirati Arabi Uniti', 'Dubai', 'Dubai');

insert into CITIES VALUES('Regno Unito', 'Inghilterra', 'Londra');
insert into CITIES VALUES('Regno Unito', 'Inghilterra', 'Liverpool');
insert into CITIES VALUES('Regno Unito', 'Inghilterra', 'Manchester');
insert into CITIES VALUES('Regno Unito', 'Scozia', 'Edimburgo');

insert into CITIES VALUES('Francia', 'Ile de France', 'Parigi');



insert into CITIES VALUES('Stati Uniti', 'New York', 'New York City');


insert into CITIES VALUES('Marocco', 'Regione Marrakech-Tensift-El Haouz', 'Marrakech');
insert into CITIES VALUES('Giappone', 'Kanto', 'Tokyo');

